semester,subject_code,subject_name,category,official_syllabus,module_notes,textbook,additional_reference,question_bank,important_questions,pyq_papers,model_papers,practice_papers,diagrams,images,tables,equations,algorithms,case_studies,examples,numerical_problems,code_examples
3,BCS301,Mathematics for Computer Science,core,AVAILABLE,AVAILABLE,AVAILABLE,AVAILABLE,AVAILABLE,AVAILABLE,MISSING,MISSING,AVAILABLE,MISSING,MISSING,AVAILABLE,AVAILABLE,AVAILABLE,AVAILABLE,AVAILABLE,AVAILABLE,NOT_APPLICABLE
3,BCS302,Digital Design & Computer Organization,core,AVAILABLE,AVAILABLE,AVAILABLE,AVAILABLE,AVAILABLE,AVAILABLE,MISSING,MISSING,AVAILABLE,AVAILABLE (1 Diags),AVAILABLE,AVAILABLE,AVAILABLE,AVAILABLE,AVAILABLE,AVAILABLE,AVAILABLE,NOT_APPLICABLE
3,BCS303,Operating Systems,core,AVAILABLE,AVAILABLE,AVAILABLE,AVAILABLE,AVAILABLE,AVAILABLE,MISSING,MISSING,AVAILABLE,AVAILABLE (5 Diags),AVAILABLE,AVAILABLE,AVAILABLE,AVAILABLE,AVAILABLE,AVAILABLE,AVAILABLE,NOT_APPLICABLE
3,BCS304,Data Structures and Applications,core,AVAILABLE,AVAILABLE,AVAILABLE,AVAILABLE,AVAILABLE,AVAILABLE,MISSING,MISSING,AVAILABLE,AVAILABLE (57 Diags),AVAILABLE,AVAILABLE,AVAILABLE,AVAILABLE,AVAILABLE,AVAILABLE,AVAILABLE,AVAILABLE
3,BCS306A,Object Oriented Programming with Java,PEC,AVAILABLE,AVAILABLE,AVAILABLE,AVAILABLE,AVAILABLE,AVAILABLE,MISSING,MISSING,AVAILABLE,AVAILABLE (8 Diags),AVAILABLE,AVAILABLE,AVAILABLE,NOT_APPLICABLE,AVAILABLE,AVAILABLE,AVAILABLE,AVAILABLE
3,BCS306B,Object Oriented Programming with C++,PEC,AVAILABLE,MISSING,AVAILABLE,AVAILABLE,MISSING,MISSING,MISSING,MISSING,MISSING,MISSING,MISSING,AVAILABLE,AVAILABLE,NOT_APPLICABLE,NOT_APPLICABLE,AVAILABLE,AVAILABLE,AVAILABLE
3,BCSL305,Data Structures Lab,laboratory,AVAILABLE,MISSING,AVAILABLE,AVAILABLE,MISSING,MISSING,MISSING,MISSING,MISSING,MISSING,MISSING,AVAILABLE,AVAILABLE,AVAILABLE,NOT_APPLICABLE,AVAILABLE,AVAILABLE,AVAILABLE
3,BCSL358A,Data Analytics with Excel,other,AVAILABLE,MISSING,LEGITIMATE_FULL_COPY_NOT_AVAILABLE,UNVERIFIED,MISSING,MISSING,MISSING,MISSING,MISSING,MISSING,MISSING,MISSING,NOT_APPLICABLE,NOT_APPLICABLE,NOT_APPLICABLE,MISSING,AVAILABLE,NOT_APPLICABLE
3,BCSL358B,R Programming,other,AVAILABLE,MISSING,LEGITIMATE_FULL_COPY_NOT_AVAILABLE,UNVERIFIED,MISSING,MISSING,MISSING,MISSING,MISSING,MISSING,MISSING,MISSING,NOT_APPLICABLE,NOT_APPLICABLE,NOT_APPLICABLE,MISSING,AVAILABLE,AVAILABLE
3,BCSL358C,Project Management with Git,other,AVAILABLE,MISSING,LEGITIMATE_FULL_COPY_NOT_AVAILABLE,UNVERIFIED,MISSING,MISSING,MISSING,MISSING,MISSING,MISSING,MISSING,MISSING,NOT_APPLICABLE,NOT_APPLICABLE,NOT_APPLICABLE,MISSING,AVAILABLE,NOT_APPLICABLE
3,BCSL358D,Data Visualization with Python,other,AVAILABLE,MISSING,LEGITIMATE_FULL_COPY_NOT_AVAILABLE,UNVERIFIED,MISSING,MISSING,MISSING,MISSING,MISSING,MISSING,MISSING,MISSING,NOT_APPLICABLE,NOT_APPLICABLE,NOT_APPLICABLE,MISSING,AVAILABLE,AVAILABLE
3,BSCK307,Social Connect and Responsibility,common,AVAILABLE,MISSING,LEGITIMATE_FULL_COPY_NOT_AVAILABLE,UNVERIFIED,MISSING,MISSING,MISSING,MISSING,MISSING,MISSING,MISSING,MISSING,NOT_APPLICABLE,NOT_APPLICABLE,NOT_APPLICABLE,MISSING,AVAILABLE,NOT_APPLICABLE
4,BBOC407,Biology for Computer Engineers,core,AVAILABLE,AVAILABLE,LEGITIMATE_FULL_COPY_NOT_AVAILABLE,UNVERIFIED,AVAILABLE,AVAILABLE,MISSING,MISSING,AVAILABLE,AVAILABLE (17 Diags),AVAILABLE,AVAILABLE,AVAILABLE,AVAILABLE,AVAILABLE,AVAILABLE,AVAILABLE,NOT_APPLICABLE
4,BCS401,Analysis & Design of Algorithms,core,AVAILABLE,AVAILABLE,AVAILABLE,AVAILABLE,AVAILABLE,AVAILABLE,MISSING,MISSING,AVAILABLE,MISSING,MISSING,AVAILABLE,AVAILABLE,AVAILABLE,AVAILABLE,AVAILABLE,AVAILABLE,AVAILABLE
4,BCS402,Microcontrollers,core,AVAILABLE,AVAILABLE,SYNTHESIZED_CURRICULUM_COMPLIANT,AVAILABLE,AVAILABLE,AVAILABLE,MISSING,MISSING,AVAILABLE,AVAILABLE (12 Diags),AVAILABLE,AVAILABLE,AVAILABLE,AVAILABLE,AVAILABLE,AVAILABLE,AVAILABLE,NOT_APPLICABLE
4,BCS403,Database Management Systems,core,AVAILABLE,AVAILABLE,AVAILABLE,AVAILABLE,AVAILABLE,AVAILABLE,MISSING,MISSING,AVAILABLE,AVAILABLE (49 Diags),AVAILABLE,AVAILABLE,AVAILABLE,AVAILABLE,AVAILABLE,AVAILABLE,AVAILABLE,AVAILABLE
4,BCS405A,Discrete Mathematical Structures,PEC,AVAILABLE,AVAILABLE,AVAILABLE,AVAILABLE,AVAILABLE,AVAILABLE,MISSING,MISSING,AVAILABLE,AVAILABLE (4 Diags),AVAILABLE,AVAILABLE,AVAILABLE,NOT_APPLICABLE,AVAILABLE,AVAILABLE,AVAILABLE,NOT_APPLICABLE
4,BCS405B,Graph Theory,PEC,AVAILABLE,MISSING,AVAILABLE,AVAILABLE,MISSING,MISSING,MISSING,MISSING,MISSING,MISSING,MISSING,AVAILABLE,AVAILABLE,NOT_APPLICABLE,NOT_APPLICABLE,AVAILABLE,AVAILABLE,NOT_APPLICABLE
4,BCS405C,Optimization Technique,PEC,AVAILABLE,MISSING,AVAILABLE,AVAILABLE,MISSING,MISSING,MISSING,MISSING,MISSING,MISSING,MISSING,AVAILABLE,AVAILABLE,NOT_APPLICABLE,NOT_APPLICABLE,AVAILABLE,AVAILABLE,NOT_APPLICABLE
4,BCS405D,Linear Algebra,PEC,AVAILABLE,MISSING,AVAILABLE,AVAILABLE,MISSING,MISSING,MISSING,MISSING,MISSING,MISSING,MISSING,AVAILABLE,AVAILABLE,NOT_APPLICABLE,NOT_APPLICABLE,AVAILABLE,AVAILABLE,NOT_APPLICABLE
4,BCS456A,Green IT and Sustainability,other,AVAILABLE,MISSING,LEGITIMATE_FULL_COPY_NOT_AVAILABLE,UNVERIFIED,MISSING,MISSING,MISSING,MISSING,MISSING,MISSING,MISSING,MISSING,NOT_APPLICABLE,NOT_APPLICABLE,NOT_APPLICABLE,MISSING,AVAILABLE,NOT_APPLICABLE
4,BCS456B,Capacity Planning for IT,other,AVAILABLE,MISSING,LEGITIMATE_FULL_COPY_NOT_AVAILABLE,UNVERIFIED,MISSING,MISSING,MISSING,MISSING,MISSING,MISSING,MISSING,MISSING,NOT_APPLICABLE,NOT_APPLICABLE,NOT_APPLICABLE,MISSING,AVAILABLE,NOT_APPLICABLE
4,BCS456C,UI/UX,other,AVAILABLE,MISSING,LEGITIMATE_FULL_COPY_NOT_AVAILABLE,UNVERIFIED,MISSING,MISSING,MISSING,MISSING,MISSING,MISSING,MISSING,MISSING,NOT_APPLICABLE,NOT_APPLICABLE,NOT_APPLICABLE,MISSING,AVAILABLE,NOT_APPLICABLE
4,BCSL404,Analysis & Design of Algorithms Lab,laboratory,AVAILABLE,MISSING,AVAILABLE,AVAILABLE,MISSING,MISSING,MISSING,MISSING,MISSING,MISSING,MISSING,AVAILABLE,AVAILABLE,AVAILABLE,NOT_APPLICABLE,AVAILABLE,AVAILABLE,AVAILABLE
4,BCSL456D,Technical writing using LATEX,other,AVAILABLE,MISSING,LEGITIMATE_FULL_COPY_NOT_AVAILABLE,UNVERIFIED,MISSING,MISSING,MISSING,MISSING,MISSING,MISSING,MISSING,MISSING,NOT_APPLICABLE,NOT_APPLICABLE,NOT_APPLICABLE,MISSING,AVAILABLE,NOT_APPLICABLE
4,BUHK408,Universal Human Values Course,common,AVAILABLE,AVAILABLE,LEGITIMATE_FULL_COPY_NOT_AVAILABLE,UNVERIFIED,AVAILABLE,AVAILABLE,MISSING,MISSING,MISSING,AVAILABLE (1 Diags),AVAILABLE,AVAILABLE,AVAILABLE,NOT_APPLICABLE,AVAILABLE,AVAILABLE,AVAILABLE,NOT_APPLICABLE
5,BCS501,Software Engineering & Project Management,core,AVAILABLE,AVAILABLE,AVAILABLE,AVAILABLE,AVAILABLE,AVAILABLE,MISSING,MISSING,AVAILABLE,AVAILABLE (14 Diags),AVAILABLE,AVAILABLE,AVAILABLE,AVAILABLE,AVAILABLE,AVAILABLE,NOT_APPLICABLE,NOT_APPLICABLE
5,BCS502,Computer Networks,core,AVAILABLE,AVAILABLE,AVAILABLE,AVAILABLE,AVAILABLE,AVAILABLE,MISSING,MISSING,AVAILABLE,AVAILABLE (35 Diags),AVAILABLE,AVAILABLE,AVAILABLE,AVAILABLE,AVAILABLE,AVAILABLE,AVAILABLE,NOT_APPLICABLE
5,BCS503,Theory of Computation,core,AVAILABLE,AVAILABLE,SYNTHESIZED_CURRICULUM_COMPLIANT,AVAILABLE,AVAILABLE,AVAILABLE,MISSING,MISSING,AVAILABLE,MISSING,MISSING,AVAILABLE,AVAILABLE,AVAILABLE,AVAILABLE,AVAILABLE,AVAILABLE,NOT_APPLICABLE
5,BCS508,Environmental Studies and E-waste Management,other,AVAILABLE,MISSING,AVAILABLE,AVAILABLE,MISSING,MISSING,MISSING,MISSING,MISSING,MISSING,MISSING,AVAILABLE,AVAILABLE,NOT_APPLICABLE,NOT_APPLICABLE,AVAILABLE,NOT_APPLICABLE,NOT_APPLICABLE
5,BCS515A,Computer Graphics,PEC,AVAILABLE,MISSING,AVAILABLE,AVAILABLE,MISSING,MISSING,MISSING,MISSING,MISSING,MISSING,MISSING,AVAILABLE,AVAILABLE,NOT_APPLICABLE,NOT_APPLICABLE,AVAILABLE,NOT_APPLICABLE,NOT_APPLICABLE
5,BCS515B,Artificial Intelligence,PEC,AVAILABLE,AVAILABLE,AVAILABLE,AVAILABLE,AVAILABLE,AVAILABLE,MISSING,MISSING,AVAILABLE,AVAILABLE (13 Diags),AVAILABLE,AVAILABLE,AVAILABLE,NOT_APPLICABLE,AVAILABLE,AVAILABLE,NOT_APPLICABLE,NOT_APPLICABLE
5,BCS515C,Unix System Programming,PEC,AVAILABLE,MISSING,LEGITIMATE_FULL_COPY_NOT_AVAILABLE,UNVERIFIED,MISSING,MISSING,MISSING,MISSING,MISSING,MISSING,MISSING,MISSING,NOT_APPLICABLE,NOT_APPLICABLE,NOT_APPLICABLE,MISSING,NOT_APPLICABLE,AVAILABLE
5,BCS515D,Distributed Systems,PEC,AVAILABLE,MISSING,LEGITIMATE_FULL_COPY_NOT_AVAILABLE,UNVERIFIED,MISSING,MISSING,MISSING,MISSING,MISSING,MISSING,MISSING,MISSING,NOT_APPLICABLE,NOT_APPLICABLE,NOT_APPLICABLE,MISSING,NOT_APPLICABLE,NOT_APPLICABLE
5,BCS586,Mini Project,other,AVAILABLE,MISSING,LEGITIMATE_FULL_COPY_NOT_AVAILABLE,UNVERIFIED,MISSING,MISSING,MISSING,MISSING,MISSING,MISSING,MISSING,MISSING,NOT_APPLICABLE,NOT_APPLICABLE,NOT_APPLICABLE,MISSING,NOT_APPLICABLE,NOT_APPLICABLE
5,BCSL504,Web Technology Lab,laboratory,AVAILABLE,MISSING,AVAILABLE,AVAILABLE,MISSING,MISSING,MISSING,MISSING,MISSING,MISSING,MISSING,AVAILABLE,AVAILABLE,AVAILABLE,NOT_APPLICABLE,AVAILABLE,NOT_APPLICABLE,AVAILABLE
5,BRMK557,Research Methodology and IPR,other,AVAILABLE,AVAILABLE,LEGITIMATE_FULL_COPY_NOT_AVAILABLE,UNVERIFIED,AVAILABLE,AVAILABLE,MISSING,MISSING,AVAILABLE,AVAILABLE (3 Diags),AVAILABLE,AVAILABLE,AVAILABLE,NOT_APPLICABLE,AVAILABLE,AVAILABLE,NOT_APPLICABLE,NOT_APPLICABLE
6,BAI654D,Introduction to Artificial Intelligence,OEC,AVAILABLE,MISSING,LEGITIMATE_FULL_COPY_NOT_AVAILABLE,UNVERIFIED,MISSING,MISSING,MISSING,MISSING,MISSING,MISSING,MISSING,MISSING,NOT_APPLICABLE,NOT_APPLICABLE,NOT_APPLICABLE,MISSING,NOT_APPLICABLE,NOT_APPLICABLE
6,BAIL657C,Generative AI,other,AVAILABLE,MISSING,LEGITIMATE_FULL_COPY_NOT_AVAILABLE,UNVERIFIED,MISSING,MISSING,MISSING,MISSING,MISSING,MISSING,MISSING,MISSING,NOT_APPLICABLE,NOT_APPLICABLE,NOT_APPLICABLE,MISSING,NOT_APPLICABLE,NOT_APPLICABLE
6,BCS601,Cloud Computing (Open Stack /Google),core,AVAILABLE,AVAILABLE,AVAILABLE,AVAILABLE,AVAILABLE,AVAILABLE,MISSING,MISSING,AVAILABLE,AVAILABLE (1 Diags),AVAILABLE,AVAILABLE,AVAILABLE,AVAILABLE,AVAILABLE,AVAILABLE,NOT_APPLICABLE,NOT_APPLICABLE
6,BCS602,Machine Learning,core,AVAILABLE,AVAILABLE,AVAILABLE,AVAILABLE,AVAILABLE,AVAILABLE,MISSING,MISSING,MISSING,AVAILABLE (4 Diags),AVAILABLE,AVAILABLE,AVAILABLE,AVAILABLE,AVAILABLE,AVAILABLE,AVAILABLE,NOT_APPLICABLE
6,BCS613A,Blockchain Technology,PEC,AVAILABLE,AVAILABLE,AVAILABLE,AVAILABLE,AVAILABLE,MISSING,MISSING,MISSING,MISSING,AVAILABLE (20 Diags),AVAILABLE,AVAILABLE,AVAILABLE,NOT_APPLICABLE,AVAILABLE,AVAILABLE,NOT_APPLICABLE,NOT_APPLICABLE
6,BCS613B,Computer Vision,PEC,AVAILABLE,MISSING,AVAILABLE,AVAILABLE,MISSING,MISSING,MISSING,MISSING,MISSING,MISSING,MISSING,AVAILABLE,AVAILABLE,NOT_APPLICABLE,NOT_APPLICABLE,AVAILABLE,NOT_APPLICABLE,NOT_APPLICABLE
6,BCS613C,Compiler Design,PEC,AVAILABLE,AVAILABLE,SYNTHESIZED_CURRICULUM_COMPLIANT,AVAILABLE,AVAILABLE,MISSING,MISSING,MISSING,MISSING,AVAILABLE (20 Diags),AVAILABLE,AVAILABLE,AVAILABLE,NOT_APPLICABLE,AVAILABLE,AVAILABLE,NOT_APPLICABLE,NOT_APPLICABLE
6,BCS613D,Advanced Java,PEC,AVAILABLE,MISSING,LEGITIMATE_FULL_COPY_NOT_AVAILABLE,UNVERIFIED,MISSING,MISSING,MISSING,MISSING,MISSING,MISSING,MISSING,MISSING,NOT_APPLICABLE,NOT_APPLICABLE,NOT_APPLICABLE,MISSING,NOT_APPLICABLE,AVAILABLE
6,BCS654A,Introduction to Data Structures,OEC,AVAILABLE,MISSING,LEGITIMATE_FULL_COPY_NOT_AVAILABLE,UNVERIFIED,MISSING,MISSING,MISSING,MISSING,MISSING,MISSING,MISSING,MISSING,NOT_APPLICABLE,NOT_APPLICABLE,NOT_APPLICABLE,MISSING,NOT_APPLICABLE,AVAILABLE
6,BCS654B,Fundamentals of Operating Systems,OEC,AVAILABLE,MISSING,LEGITIMATE_FULL_COPY_NOT_AVAILABLE,UNVERIFIED,MISSING,MISSING,MISSING,MISSING,MISSING,MISSING,MISSING,MISSING,NOT_APPLICABLE,NOT_APPLICABLE,NOT_APPLICABLE,MISSING,NOT_APPLICABLE,NOT_APPLICABLE
6,BCS685,Project Phase I,other,AVAILABLE,MISSING,LEGITIMATE_FULL_COPY_NOT_AVAILABLE,UNVERIFIED,MISSING,MISSING,MISSING,MISSING,MISSING,MISSING,MISSING,MISSING,NOT_APPLICABLE,NOT_APPLICABLE,NOT_APPLICABLE,MISSING,NOT_APPLICABLE,NOT_APPLICABLE
6,BCSL606,Machine Learning Lab,laboratory,AVAILABLE,MISSING,LEGITIMATE_FULL_COPY_NOT_AVAILABLE,UNVERIFIED,MISSING,MISSING,MISSING,MISSING,MISSING,MISSING,MISSING,MISSING,NOT_APPLICABLE,AVAILABLE,NOT_APPLICABLE,MISSING,NOT_APPLICABLE,AVAILABLE
6,BCSL657B,React,other,AVAILABLE,MISSING,LEGITIMATE_FULL_COPY_NOT_AVAILABLE,UNVERIFIED,MISSING,MISSING,MISSING,MISSING,MISSING,MISSING,MISSING,MISSING,NOT_APPLICABLE,NOT_APPLICABLE,NOT_APPLICABLE,MISSING,NOT_APPLICABLE,NOT_APPLICABLE
6,BCSL657D,Devops,other,AVAILABLE,MISSING,LEGITIMATE_FULL_COPY_NOT_AVAILABLE,UNVERIFIED,MISSING,MISSING,MISSING,MISSING,MISSING,MISSING,MISSING,MISSING,NOT_APPLICABLE,NOT_APPLICABLE,NOT_APPLICABLE,MISSING,NOT_APPLICABLE,NOT_APPLICABLE
6,BCV654C,Integrated Waste Management for a Smart City,OEC,AVAILABLE,AVAILABLE,SYNTHESIZED_CURRICULUM_COMPLIANT,AVAILABLE,AVAILABLE,AVAILABLE,MISSING,MISSING,AVAILABLE,AVAILABLE (76 Diags),AVAILABLE,AVAILABLE,AVAILABLE,NOT_APPLICABLE,AVAILABLE,AVAILABLE,NOT_APPLICABLE,NOT_APPLICABLE
6,BIKS609,Indian Knowledge System,other,AVAILABLE,MISSING,LEGITIMATE_FULL_COPY_NOT_AVAILABLE,UNVERIFIED,MISSING,MISSING,MISSING,MISSING,MISSING,MISSING,MISSING,MISSING,NOT_APPLICABLE,NOT_APPLICABLE,NOT_APPLICABLE,MISSING,NOT_APPLICABLE,NOT_APPLICABLE
6,BIS654C,Mobile Application Development,OEC,AVAILABLE,MISSING,LEGITIMATE_FULL_COPY_NOT_AVAILABLE,UNVERIFIED,MISSING,MISSING,MISSING,MISSING,MISSING,MISSING,MISSING,MISSING,NOT_APPLICABLE,NOT_APPLICABLE,NOT_APPLICABLE,MISSING,NOT_APPLICABLE,NOT_APPLICABLE
6,BISL657A,Tosca – Automated Software Testing,other,AVAILABLE,MISSING,LEGITIMATE_FULL_COPY_NOT_AVAILABLE,UNVERIFIED,MISSING,MISSING,MISSING,MISSING,MISSING,MISSING,MISSING,MISSING,NOT_APPLICABLE,NOT_APPLICABLE,NOT_APPLICABLE,MISSING,NOT_APPLICABLE,NOT_APPLICABLE
7,BAD714D,Social Network Analysis,PEC,AVAILABLE,MISSING,LEGITIMATE_FULL_COPY_NOT_AVAILABLE,UNVERIFIED,MISSING,MISSING,MISSING,MISSING,MISSING,MISSING,MISSING,MISSING,NOT_APPLICABLE,NOT_APPLICABLE,NOT_APPLICABLE,MISSING,NOT_APPLICABLE,NOT_APPLICABLE
7,BCS701,Internet of Things,core,AVAILABLE,AVAILABLE,AVAILABLE,AVAILABLE,AVAILABLE,MISSING,MISSING,MISSING,MISSING,AVAILABLE (15 Diags),AVAILABLE,AVAILABLE,AVAILABLE,AVAILABLE,AVAILABLE,AVAILABLE,NOT_APPLICABLE,NOT_APPLICABLE
7,BCS702,Parallel Computing,core,AVAILABLE,AVAILABLE,AVAILABLE,AVAILABLE,AVAILABLE,MISSING,MISSING,MISSING,MISSING,AVAILABLE (28 Diags),AVAILABLE,AVAILABLE,AVAILABLE,AVAILABLE,AVAILABLE,AVAILABLE,NOT_APPLICABLE,NOT_APPLICABLE
7,BCS703,Cryptography & Network Security,core,AVAILABLE,AVAILABLE,AVAILABLE,AVAILABLE,AVAILABLE,MISSING,MISSING,MISSING,MISSING,AVAILABLE (28 Diags),AVAILABLE,AVAILABLE,AVAILABLE,AVAILABLE,AVAILABLE,AVAILABLE,NOT_APPLICABLE,NOT_APPLICABLE
7,BCS714A,Deep Learning,PEC,AVAILABLE,MISSING,LEGITIMATE_FULL_COPY_NOT_AVAILABLE,UNVERIFIED,MISSING,MISSING,MISSING,MISSING,MISSING,MISSING,MISSING,MISSING,NOT_APPLICABLE,NOT_APPLICABLE,NOT_APPLICABLE,MISSING,NOT_APPLICABLE,NOT_APPLICABLE
7,BCS714B,Natural Language Processing,PEC,AVAILABLE,MISSING,LEGITIMATE_FULL_COPY_NOT_AVAILABLE,UNVERIFIED,MISSING,MISSING,MISSING,MISSING,MISSING,MISSING,MISSING,MISSING,NOT_APPLICABLE,NOT_APPLICABLE,NOT_APPLICABLE,MISSING,NOT_APPLICABLE,NOT_APPLICABLE
7,BCS714D,Big Data Analytics,PEC,AVAILABLE,AVAILABLE,AVAILABLE,AVAILABLE,AVAILABLE,MISSING,MISSING,MISSING,MISSING,AVAILABLE (28 Diags),AVAILABLE,AVAILABLE,AVAILABLE,NOT_APPLICABLE,AVAILABLE,AVAILABLE,NOT_APPLICABLE,NOT_APPLICABLE
7,BCS755A,Introduction to DBMS,OEC,AVAILABLE,MISSING,LEGITIMATE_FULL_COPY_NOT_AVAILABLE,UNVERIFIED,MISSING,MISSING,MISSING,MISSING,MISSING,MISSING,MISSING,MISSING,NOT_APPLICABLE,NOT_APPLICABLE,NOT_APPLICABLE,MISSING,NOT_APPLICABLE,NOT_APPLICABLE
7,BCS755B,Introduction to Algorithms,OEC,AVAILABLE,MISSING,LEGITIMATE_FULL_COPY_NOT_AVAILABLE,UNVERIFIED,MISSING,MISSING,MISSING,MISSING,MISSING,MISSING,MISSING,MISSING,NOT_APPLICABLE,NOT_APPLICABLE,NOT_APPLICABLE,MISSING,NOT_APPLICABLE,AVAILABLE
7,BCS755C,Software Engineering,OEC,AVAILABLE,MISSING,LEGITIMATE_FULL_COPY_NOT_AVAILABLE,UNVERIFIED,MISSING,MISSING,MISSING,MISSING,MISSING,MISSING,MISSING,MISSING,NOT_APPLICABLE,NOT_APPLICABLE,NOT_APPLICABLE,MISSING,NOT_APPLICABLE,NOT_APPLICABLE
7,BCS755D,Data Mining and Data Warehousing,OEC,AVAILABLE,MISSING,LEGITIMATE_FULL_COPY_NOT_AVAILABLE,UNVERIFIED,MISSING,MISSING,MISSING,MISSING,MISSING,MISSING,MISSING,MISSING,NOT_APPLICABLE,NOT_APPLICABLE,NOT_APPLICABLE,MISSING,NOT_APPLICABLE,NOT_APPLICABLE
7,BCS786,Major Project Phase-II,other,AVAILABLE,MISSING,LEGITIMATE_FULL_COPY_NOT_AVAILABLE,UNVERIFIED,MISSING,MISSING,MISSING,MISSING,MISSING,MISSING,MISSING,MISSING,NOT_APPLICABLE,NOT_APPLICABLE,NOT_APPLICABLE,MISSING,NOT_APPLICABLE,NOT_APPLICABLE
